-- phpMyAdmin SQL Dump
-- version 4.7.7
-- https://www.phpmyadmin.net/
--
-- Host: mysql7002.site4now.net:3306
-- Generation Time: Mar 30, 2018 at 10:43 PM
-- Server version: 5.6.26-log
-- PHP Version: 5.6.30

SET SQL_MODE = "NO_AUTO_VALUE_ON_ZERO";
SET AUTOCOMMIT = 0;
START TRANSACTION;
SET time_zone = "+00:00";


/*!40101 SET @OLD_CHARACTER_SET_CLIENT=@@CHARACTER_SET_CLIENT */;
/*!40101 SET @OLD_CHARACTER_SET_RESULTS=@@CHARACTER_SET_RESULTS */;
/*!40101 SET @OLD_COLLATION_CONNECTION=@@COLLATION_CONNECTION */;
/*!40101 SET NAMES utf8mb4 */;

--
-- Database: `lzml8dgk_firesafety`
--

--
-- Dumping data for table `inspectors`
--

INSERT INTO `inspectors` (`ID`, `User_Id`, `Rating`, `No_Inspections`, `Zone`, `Rank`, `Created_At`, `Deleted_At`, `Updated_At`) VALUES
(1, 'user5ab5d5c448aea', 5, 22, 'South', 'ADO', '2018-03-24 04:14:11', NULL, NULL),
(2, 'user3882488284', 3, 1, 'Central', 'DO', '2018-03-09 00:00:00', NULL, NULL),
(3, 'user5ab8722a3d9ac', 0, 0, 'Central', '', '2018-03-25 21:08:14', NULL, NULL),
(4, 'user5ab872a416e63', 0, 0, 'Central', 'ADO', '2018-03-25 21:10:15', NULL, NULL),
(5, 'user5abb5b052311b', 0, 0, 'North', 'ADO', '2018-03-28 21:16:24', NULL, NULL),
(6, 'user5abe2a6996972', 0, 0, 'Central', 'ADO', '2018-03-30 05:15:38', NULL, NULL);

--
-- Dumping data for table `installation_checklist`
--

INSERT INTO `installation_checklist` (`id`, `name`, `created_at`, `updated_at`, `deleted_At`) VALUES
(1, 'Alternative exits', '2018-03-25 00:00:00', NULL, NULL),
(2, 'Automatic Fire Detection and Alarm System', '2018-03-25 00:00:00', NULL, NULL),
(3, 'Automatic Sprinkler System', '2018-03-25 00:00:00', NULL, NULL),
(4, 'Escape Lighting', '2018-03-25 00:00:00', NULL, NULL),
(5, 'Evacuation Lift', '2018-03-25 00:00:00', NULL, NULL),
(6, 'Fire Detector', '2018-03-25 00:00:00', NULL, NULL),
(7, 'Fire-resistive door', '2018-03-25 00:00:00', NULL, NULL),
(8, 'Wet riser', '2018-03-25 00:00:00', NULL, NULL),
(9, 'Down Commer', '2018-03-25 00:00:00', NULL, NULL),
(10, 'Sprinkler system', '2018-03-25 00:00:00', NULL, NULL),
(11, 'Fire extinguishers', '2018-03-25 00:00:00', NULL, NULL),
(12, 'Hose pipes', '2018-03-25 00:00:00', NULL, NULL);

--
-- Dumping data for table `ref_checklist`
--

INSERT INTO `ref_checklist` (`id`, `ref_id`, `checklist_id`, `ans`, `image`, `created_at`, `updated_at`, `deleted_at`) VALUES
(1, 1, 11, NULL, '', '2018-03-25 13:37:54', NULL, NULL),
(2, 1, 9, NULL, '', '2018-03-25 13:37:54', NULL, NULL),
(3, 2, 10, NULL, '', '2018-03-26 00:03:17', NULL, NULL),
(4, 2, 7, NULL, '', '2018-03-26 00:03:17', NULL, NULL),
(5, 3, 8, NULL, NULL, '2018-03-27 22:02:08', NULL, NULL),
(6, 2, 1, NULL, NULL, '2018-03-27 22:17:13', NULL, NULL),
(7, 2, 3, NULL, NULL, '2018-03-27 22:18:24', NULL, NULL),
(8, 2, 1, NULL, NULL, '2018-03-27 22:20:34', NULL, NULL),
(9, 2, 12, NULL, NULL, '2018-03-27 22:22:47', NULL, NULL),
(10, 2, 9, NULL, NULL, '2018-03-27 22:24:48', NULL, NULL),
(11, 2, 12, NULL, NULL, '2018-03-27 22:29:54', NULL, NULL),
(12, 18, 4, NULL, NULL, '2018-03-28 03:33:23', NULL, NULL),
(13, 18, 8, NULL, NULL, '2018-03-28 03:33:23', NULL, NULL),
(14, 18, 12, NULL, NULL, '2018-03-28 03:33:23', NULL, NULL),
(15, 16, 12, NULL, NULL, '2018-03-28 21:15:25', NULL, NULL),
(16, 16, 6, NULL, NULL, '2018-03-28 21:15:25', NULL, NULL),
(17, 16, 3, NULL, NULL, '2018-03-28 21:15:25', NULL, NULL),
(18, 16, 10, NULL, NULL, '2018-03-28 21:16:49', NULL, NULL),
(19, 1, 1, NULL, NULL, '2018-03-30 05:16:11', NULL, NULL),
(20, 1, 2, NULL, NULL, '2018-03-30 05:33:07', NULL, NULL),
(21, 1, 11, NULL, NULL, '2018-03-30 05:34:43', NULL, NULL),
(22, 20, 12, NULL, NULL, '2018-03-30 05:44:58', NULL, NULL),
(23, 20, 5, NULL, NULL, '2018-03-30 05:44:58', NULL, NULL),
(24, 20, 4, NULL, NULL, '2018-03-30 05:44:58', NULL, NULL),
(25, 23, 1, NULL, NULL, '2018-03-30 09:57:36', NULL, NULL),
(26, 21, 1, NULL, NULL, '2018-03-30 21:30:59', NULL, NULL),
(27, 21, 4, NULL, NULL, '2018-03-30 21:30:59', NULL, NULL),
(28, 21, 6, NULL, NULL, '2018-03-30 21:30:59', NULL, NULL);

--
-- Dumping data for table `ref_no`
--

INSERT INTO `ref_no` (`id`, `ref_no`, `user_id`, `created_at`, `updated_at`, `deleted_at`) VALUES
(1, 'ba1234', 'user5ab5bdf4e66f7', '2018-03-25 00:00:00', '2018-03-25 00:00:00', NULL),
(2, '123456', 'user5ab5bdf4e66f7', '2018-03-25 00:00:00', NULL, NULL),
(3, '15487', 'user5ab5bdf4e66f7', '2018-03-25 00:00:00', NULL, NULL),
(4, 'nsklnklLSKVNJK', 'user5ab5bdf4e66f7', '2018-03-28 01:47:24', NULL, NULL),
(5, 'nsklnklLSKVNJK', 'user5ab5bdf4e66f7', '2018-03-28 01:47:49', NULL, NULL),
(6, 'nsklnklLSKVNJK', 'user5ab5bdf4e66f7', '2018-03-28 01:48:27', NULL, NULL),
(7, 'nsklnklLSKVNJK', 'user5ab5bdf4e66f7', '2018-03-28 01:49:25', NULL, NULL),
(8, 'nsklnklLSKVNJK', 'user5ab5bdf4e66f7', '2018-03-28 01:50:54', NULL, NULL),
(9, 'nsklnklLSKVNJK', 'user5ab5bdf4e66f7', '2018-03-28 01:53:11', NULL, NULL),
(10, 'nsklnklLSKVNJK', 'user5ab5bdf4e66f7', '2018-03-28 01:53:29', NULL, NULL),
(11, 'nsklnklLSKVNJK', 'user5ab5bdf4e66f7', '2018-03-28 02:00:13', NULL, NULL),
(12, 'nsklnklLSKVNJK', 'user5ab5bdf4e66f7', '2018-03-28 02:00:36', NULL, NULL),
(13, '565656', 'user5ab5bdf4e66f7', '2018-03-28 02:15:40', NULL, NULL),
(14, 'base21', 'user5ab5bdf4e66f7', '2018-03-28 02:45:38', NULL, NULL),
(15, 'base21', 'user5ab5bdf4e66f7', '2018-03-28 02:46:00', NULL, NULL),
(16, 'base21', 'user5ab5bdf4e66f7', '2018-03-28 02:47:18', NULL, NULL),
(17, '1234', 'user5abb5a51899fa', '2018-03-28 03:10:44', NULL, NULL),
(18, '12345', 'user5abb5a51899fa', '2018-03-28 03:19:23', NULL, NULL),
(19, '1234', 'user5ab5bdf4e66f7', '2018-03-30 03:20:16', NULL, NULL),
(20, '1234', 'user5abb5a51899fa', '2018-03-30 05:30:30', NULL, NULL),
(21, '1234', 'user5ab5bdf4e66f7', '2018-03-30 06:27:33', NULL, NULL),
(22, '1234', 'user5ab5bdf4e66f7', '2018-03-30 06:27:33', NULL, NULL),
(23, '987', 'user5abb5a51899fa', '2018-03-30 09:54:49', NULL, NULL),
(24, '1234', 'user5ab5bdf4e66f7', '2018-03-30 21:29:21', NULL, NULL),
(25, '1234', 'user5abb5a51899fa', '2018-03-30 22:30:36', NULL, NULL),
(26, '1234', 'user5abb5a51899fa', '2018-03-30 22:31:45', NULL, NULL);

--
-- Dumping data for table `ref_no_msl`
--

INSERT INTO `ref_no_msl` (`id`, `ref_no`, `owner_name`, `Address`, `building_map`, `checklist`, `created_at`, `updated_at`, `deleted_at`) VALUES
(1, 'cdcd', 'aarush verma', 'ckdlcsdcsl', 'test.pdf', 'test.pdf', '2018-03-27 13:43:26', NULL, NULL),
(2, '1234', 'bviop', 'bndklld', 'test.pdf', 'test.pdf', '2018-03-27 19:56:34', NULL, NULL),
(3, 'djj234', 'kajal', 'lndlcnl', 'test.pdf', 'test.pdf', '2018-03-27 19:56:48', NULL, NULL),
(4, '987654321', 'bunty', 'bunteshwar', 'test.pdf', 'test.pdf', '2018-03-27 21:56:06', NULL, NULL),
(5, '280896', 'Garima', '3/192 subhash nagar,new delhi-110027', 'test.pdf', 'test.pdf', '2018-03-30 05:21:56', NULL, NULL),
(6, '987', 'iohdqwo', 'sowjpos', 'test.pdf', 'test.pdf', '2018-03-30 05:53:55', NULL, NULL),
(7, '123475', 'aarush', ' delhi ', 'test.pdf', 'test.pdf', '2018-03-30 21:27:48', NULL, NULL);

--
-- Dumping data for table `request_details`
--

INSERT INTO `request_details` (`ID`, `ref_id`, `Visits`, `Status`, `building_address`, `inspector_allocated`, `DOI`, `Created_At`, `Deleted_At`, `Updated_At`) VALUES
(1, 1, 7, 'Accepted', 'A-4 paschim vihar ', 'user5ab5d5c448aea', NULL, '2018-03-24 01:06:00', NULL, NULL),
(2, 2, 90, 'Accepted', '74487876567575', 'user5ab8722a3d9ac', '0000-00-00', '2018-03-24 00:00:00', NULL, NULL),
(3, 3, 3, 'Accepted', '54225233535', 'user3882488284', '0000-00-00', '2018-03-22 00:00:00', NULL, NULL),
(4, 16, 0, 'Accepted', 'sant nagar', 'user5abb5b052311b', NULL, '2018-03-28 02:47:25', NULL, NULL),
(5, 18, 0, 'Accepted', '123-delhi', 'user5ab8722a3d9ac', NULL, '2018-03-28 03:19:23', NULL, NULL),
(7, 20, 0, 'Accepted', 'verma', 'user5ab5d5c448aea', NULL, '2018-03-30 05:30:30', NULL, NULL),
(8, 21, 0, 'Accepted', '55654jkl', 'user5abb5b052311b', NULL, '2018-03-30 06:27:33', NULL, NULL),
(9, 22, 0, 'Submitted', '55654jkl', NULL, NULL, '2018-03-30 06:27:33', NULL, NULL),
(10, 23, 0, 'Accepted', 'hjhjjh', 'user5abb5b052311b', NULL, '2018-03-30 09:54:49', NULL, NULL),
(11, 24, 0, 'Submitted', 'kldlfdm', NULL, NULL, '2018-03-30 21:29:21', NULL, NULL),
(12, 25, 0, 'Submitted', 'ev', NULL, NULL, '2018-03-30 22:30:36', NULL, NULL),
(13, 26, 0, 'Submitted', 'g', NULL, NULL, '2018-03-30 22:31:45', NULL, NULL);

--
-- Dumping data for table `request_questionnare`
--

INSERT INTO `request_questionnare` (`ID`, `Question`, `Answer_Type`, `Created_At`, `Deleted_At`, `Updated_At`) VALUES
(1, 'Name of the building', 'text', '2018-03-24 00:00:00', NULL, NULL),
(2, 'zone of building', 'text', '2018-03-28 00:00:00', NULL, NULL),
(3, 'Name and Address of builder/promoter', 'text', '2018-03-24 13:00:00', NULL, NULL),
(4, 'Name and Address of owner/occupiers of Individual Flats.', 'text', '2018-03-24 00:00:00', NULL, NULL),
(5, 'Plot Area: Land use (in case of residential building Indicate no. of dwelling units)', 'text', '2018-03-24 00:00:00', NULL, NULL),
(6, 'Covered area (at grade level)', 'text', '2018-03-24 00:00:00', NULL, NULL),
(7, 'Height of the building', 'text', '2018-03-24 00:00:00', NULL, NULL),
(8, 'Whether set back areas are conforming to unified building bye-laws 12.4(b)', 'radiobox', '2018-03-24 00:00:00', NULL, NULL),
(9, 'Number of Floors (including ground floor)', 'text', '2018-03-24 00:00:00', NULL, NULL),
(10, 'Covered area of typical floor of building blocks.', 'text', '2018-03-24 00:00:00', NULL, NULL),
(11, 'Please give details of water supply available exclusively for fire fighting.', 'text', '2018-03-24 00:00:00', NULL, NULL),
(12, 'Has wet riser(s) been provided? If so, please indicate the number of risers and internal diameter of each.', 'text', '2018-03-24 00:00:00', NULL, NULL),
(13, 'Has any down comer been provided? If so, please give details.', 'text', '2018-03-24 00:00:00', NULL, NULL),
(14, 'Have internal hydrants been provided If so, please indicate no. of hydrants on each floor including basement(s) and terrace.', 'text', '2018-03-24 00:00:00', NULL, NULL),
(15, 'Has fire hose been provided near each hydrant?', 'radiobox', '2018-03-24 00:00:00', NULL, NULL),
(16, 'What is the average occupant load per floor?', 'text', '2018-03-24 00:00:00', NULL, NULL),
(17, 'How many lifts have been installed in the building?', 'text', '2018-03-24 00:00:00', NULL, NULL),
(18, 'Has any yard hydrant been provided from the building\'s fire pump?', 'radiobox', '2018-03-24 00:00:00', NULL, NULL),
(19, 'Is the building centrally air-conditioned? ', 'radiobox', '2018-03-24 00:00:00', NULL, NULL),
(20, 'Have all exits and direction of travel to each exit been sign-posted with illuminated signs?', 'radiobox', '2018-03-24 00:00:00', NULL, NULL);

--
-- Dumping data for table `user`
--

INSERT INTO `user` (`UID`, `Name`, `Email`, `PhoneNo`, `DOB`, `AadharNo`, `Password_Hash`, `Mobile_Verified`, `Email_Verified`, `Image`, `user_type`, `Created_At`, `Deleted_At`, `Updated_At`) VALUES
('user3882488284', 0x70696e6b657368776172, 0x70696e6b794070696e6b792e636f6d, '9988774455', '2018-03-04', '6514156', 0x30376530387964756864396833393868647531646275, 12, 23, 0x7579757962, 0x696e73706563746f72, '2018-03-24 00:00:00', NULL, NULL),
('user5ab5bdf4e66f7', 0x616172757368, 0x7661724079792e636f6d, '2147483647', '2016-11-29', '2147483647', 0x243279243130244868345751687163726d4f616b57436468444b4e3865655251524c765a5a456e344a7571535a63396262632f58727a6f4b4557494b, 1, 0, NULL, 0x75736572, '0000-00-00 00:00:00', NULL, NULL),
('user5ab5d5c448aea', 0x6b616a616c, 0x6b616a616c5f73696e676840676d61696c2e636f6d, '9650591376', '2022-10-30', '2147483647', 0x2432792431302434513954642f313359336a564f593470796f494b782e7349744e63463131614c743765444a5a76396d707a6948517250715931654b, 1, 0, NULL, 0x75736572, '0000-00-00 00:00:00', NULL, NULL),
('user5ab86ed89ff5a', 0x496e73706563746f722031, 0x61614062622e63706d, '9711212481', '2015-10-30', '11223344561', 0x2432792431302450532f7a755a32566b71434f4c66386d41553237334f31396e522f764c546752676a505179713368397139597874784f6c6d307a65, 1, 0, NULL, 0x696e73706563746f72, '2018-03-25 20:54:04', NULL, NULL),
('user5ab871e3e38d6', 0x496e73706563746f722032, 0x6a736a7340736a6a732e636f6d, '9711212481', '2017-10-30', '11223344561', 0x24327924313024766130474975424c30567370335a447863465a68732e474666776b6c537373496563515766704732475055376c2e4f724635756d53, 1, 0, NULL, 0x696e73706563746f72, '2018-03-25 21:07:03', NULL, NULL),
('user5ab8722a3d9ac', 0x496e73706563746f722033, 0x646b6e646c6d6c4064626a68646a682e636f6d, '9711212411', '2016-12-29', '112233445533', 0x24327924313024666532623276556559312f67766e676e53315037594f593061454e3454485571574a58584c78502f6a565a77787766417162482f4f, 1, 0, NULL, 0x696e73706563746f72, '2018-03-25 21:08:13', NULL, NULL),
('user5ab872a416e63', 0x66696e616c20696e73706563746f72, 0x696e7340696e732e636f6d, '9711212422', '2016-11-29', '11223344545', 0x24327924313024463774747873314d7648326f6249374a373441684e656845546747493057666a666e71514a464d77394a35365a524f6f70747a324b, 1, 0, NULL, 0x696e73706563746f72, '2018-03-25 21:10:15', NULL, NULL),
('user5aba28ee6f514', 0x74657374, 0x7465737440746573742e636f6d, '9711852480', '2023-03-25', '123456123451', 0x243279243130246d2f524e61677643797a6872303047425168636d632e7474522e30624d43674672377736644a44786b677a565a3848764f37375553, 1, 0, NULL, 0x75736572, '2018-03-27 04:20:15', NULL, NULL),
('user5aba496ee6005', 0x6b61616a616c, 0x6b61616a616c73696e67682e3139393640676d61696c2e636f6d, '9650591376', '2018-03-15', '789456123562', 0x2432792431302458377275686762564266316b555752454455495a3465716a663641457736744538357a646a72516b5337323274325142704c6a374b, 1, 0, NULL, 0x73797374656d206d616e61676572, '2018-03-27 06:38:55', NULL, NULL),
('user5abb1d7a8eb0c', 0x4d534c, 0x6d736c406d736c2e636f6d, '9650591376', '2018-03-01', '123654789741', 0x2432792431302447727951485259713044482e776f6c4279445636672e5855597149745a344f3861414136314764694732682f4d57723149706f4f36, 1, 0, NULL, 0x6d736c, '2018-03-27 21:43:38', NULL, NULL),
('user5abb5a51899fa', 0x75736572, 0x7573657240757365722e636f6d, '9650591376', '2018-03-14', '789654130258', 0x243279243130245242594a76747548385652317768666a64316d4c59756c786f615a476e394a50335a76394269476350336e6259792f5476315a7257, 1, 0, NULL, 0x75736572, '2018-03-28 02:03:13', NULL, NULL),
('user5abb5b052311b', 0x696e73706563746f72, 0x696e73706563746f7240696e73706563746f722e636f6d, '9650591376', '2018-03-15', '777777777777', 0x24327924313024306f525033644a645757476c7167583751644e73412e732f5a744174694547305058704b32317341417241764a706766784952676d, 1, 0, NULL, 0x696e73706563746f72, '2018-03-28 02:06:13', NULL, NULL),
('user5abb5bef48029', 0x73797374656d206d616e61676572, 0x736d40736d2e636f6d, '9650591376', '2018-03-14', '147147147147', 0x243279243130244e7970617671673534514b596e58714c68796658794f4950446e3449524b71646c69697846676e7455314a666f356d724c55654557, 1, 0, NULL, 0x73797374656d206d616e61676572, '2018-03-28 02:10:07', NULL, NULL),
('user5abdcf850d321', 0x736e656861, 0x617340676d61696c2e636f6d, '8860892693', '1996-12-14', '123456789123', 0x2432792431302476745a753335617a30393136376f795347364f6343754930575549702f776a42632e633659316d2f6b45343232347975494958536d, 1, 0, NULL, 0x75736572, '2018-03-29 22:47:49', NULL, NULL),
('user5abe2a6996972', 0x4368616e647261, 0x6368616e647261406368616e6472612e636f6d, '9711213456', '2005-08-26', '112233445477', 0x243279243130245a726536363571783842534c692f754a5258554f2f4f6359734a42324e3839346644714a684e695467494b35597938754262456236, 1, 0, NULL, 0x696e73706563746f72, '2018-03-30 05:15:38', NULL, NULL);

--
-- Dumping data for table `user_answers`
--

INSERT INTO `user_answers` (`ID`, `Question_Id`, `Answer`, `Reference_Id`, `Created_At`, `Deleted_At`, `Updated_At`) VALUES
(1, 1, 'KNSDJSNKNK', 11, '2018-03-28 02:00:15', NULL, NULL),
(2, 2, 'KJNSKDNKSJN', 11, '2018-03-28 02:00:15', NULL, NULL),
(3, 3, 'KJNSKDNKJNKAS', 11, '2018-03-28 02:00:15', NULL, NULL),
(4, 4, 'knjkdncksnkdnk', 11, '2018-03-28 02:00:16', NULL, NULL),
(5, 5, 'knknkndjksjkvnjk', 11, '2018-03-28 02:00:16', NULL, NULL),
(6, 6, 'kjnskvnskdnvksdnvjk', 11, '2018-03-28 02:00:16', NULL, NULL),
(7, 7, 'knsdjknqjknvjknjk', 11, '2018-03-28 02:00:17', NULL, NULL),
(8, 8, 'kndvkdnvjk', 11, '2018-03-28 02:00:17', NULL, NULL),
(9, 9, 'knwjknjk', 11, '2018-03-28 02:00:17', NULL, NULL),
(10, 10, 'nkqknksdvknk', 11, '2018-03-28 02:00:28', NULL, NULL),
(11, 11, 'kndvksdnvkwsdnk', 11, '2018-03-28 02:00:28', NULL, NULL),
(12, 12, 'kdnvkqdnkqnk', 11, '2018-03-28 02:00:29', NULL, NULL),
(13, 1, 'KNSDJSNKNK', 12, '2018-03-28 02:00:37', NULL, NULL),
(14, 2, 'KJNSKDNKSJN', 12, '2018-03-28 02:00:37', NULL, NULL),
(15, 3, 'KJNSKDNKJNKAS', 12, '2018-03-28 02:00:37', NULL, NULL),
(16, 4, 'knjkdncksnkdnk', 12, '2018-03-28 02:00:37', NULL, NULL),
(17, 5, 'knknkndjksjkvnjk', 12, '2018-03-28 02:00:38', NULL, NULL),
(18, 6, 'kjnskvnskdnvksdnvjk', 12, '2018-03-28 02:00:38', NULL, NULL),
(19, 7, 'knsdjknqjknvjknjk', 12, '2018-03-28 02:00:38', NULL, NULL),
(20, 8, 'kndvkdnvjk', 12, '2018-03-28 02:00:38', NULL, NULL),
(21, 9, 'knwjknjk', 12, '2018-03-28 02:00:39', NULL, NULL),
(22, 10, 'nkqknksdvknk', 12, '2018-03-28 02:00:39', NULL, NULL),
(23, 11, 'kndvksdnvkwsdnk', 12, '2018-03-28 02:00:39', NULL, NULL),
(24, 12, 'kdnvkqdnkqnk', 12, '2018-03-28 02:00:40', NULL, NULL),
(25, 13, 'kndvkwsnk', 12, '2018-03-28 02:00:40', NULL, NULL),
(26, 14, 'kjnkvnwsnk', 12, '2018-03-28 02:00:40', NULL, NULL),
(27, 15, 'knknk', 12, '2018-03-28 02:00:41', NULL, NULL),
(28, 16, 'knskdnkjnk', 12, '2018-03-28 02:00:41', NULL, NULL),
(29, 17, 'kdvnjkdnckawjn', 12, '2018-03-28 02:00:41', NULL, NULL),
(30, 18, 'knkdnvkqw', 12, '2018-03-28 02:00:42', NULL, NULL),
(31, 19, 'knkdnk', 12, '2018-03-28 02:00:42', NULL, NULL),
(32, 20, 'njkksdjnjksd', 12, '2018-03-28 02:00:42', NULL, NULL),
(33, 1, 'njdncksdk', 13, '2018-03-28 02:15:40', NULL, NULL),
(34, 2, 'kjcksdjcnsk', 13, '2018-03-28 02:15:41', NULL, NULL),
(35, 3, 'kdjnksjdnkj', 13, '2018-03-28 02:15:41', NULL, NULL),
(36, 4, 'kjndcksdnkj', 13, '2018-03-28 02:15:41', NULL, NULL),
(37, 5, 'jknsjk', 13, '2018-03-28 02:15:41', NULL, NULL),
(38, 6, 'jkdcsndkjcs', 13, '2018-03-28 02:15:42', NULL, NULL),
(39, 7, 'knkdjksncksn', 13, '2018-03-28 02:15:42', NULL, NULL),
(40, 8, 'jdnksjdnjks', 13, '2018-03-28 02:15:42', NULL, NULL),
(41, 9, 'nkjsdnksj', 13, '2018-03-28 02:15:43', NULL, NULL),
(42, 10, 'kncsdjkcnskj', 13, '2018-03-28 02:15:43', NULL, NULL),
(43, 11, 'jnskdnskdjnjk', 13, '2018-03-28 02:15:43', NULL, NULL),
(44, 12, 'jnksdnsdjkn', 13, '2018-03-28 02:15:43', NULL, NULL),
(45, 13, 'jknsdknsjkdn', 13, '2018-03-28 02:15:44', NULL, NULL),
(46, 14, 'kjncjksdnjksj', 13, '2018-03-28 02:15:44', NULL, NULL),
(47, 15, 'jknsdcjksndjkcn', 13, '2018-03-28 02:15:44', NULL, NULL),
(48, 16, 'kjndjknsdjkcnk', 13, '2018-03-28 02:15:44', NULL, NULL),
(49, 17, 'knsjkncjksdn', 13, '2018-03-28 02:15:45', NULL, NULL),
(50, 18, 'jnskncsjkdncjks', 13, '2018-03-28 02:15:45', NULL, NULL),
(51, 19, 'jndkbvsjh bjs', 13, '2018-03-28 02:15:45', NULL, NULL),
(52, 20, 'knsdkskdnjksd', 13, '2018-03-28 02:15:46', NULL, NULL),
(53, 1, 'skdlnslnJNKSKNk', 14, '2018-03-28 02:45:39', NULL, NULL),
(54, 2, 'jnknjkdn', 14, '2018-03-28 02:45:39', NULL, NULL),
(55, 3, 'nkldnvjkldfnjk', 14, '2018-03-28 02:45:40', NULL, NULL),
(56, 4, 'jnvjkdfnkjdfnjkdnfjk', 14, '2018-03-28 02:45:40', NULL, NULL),
(57, 5, 'nklfvnjkdnjkdfn;jd;kdjn;', 14, '2018-03-28 02:45:40', NULL, NULL),
(58, 6, 'jnjkfvnjkdnvkdn;jkvj;kadnj', 14, '2018-03-28 02:45:40', NULL, NULL),
(59, 7, 'ndvklnkvjndjkvnkdfnjkdfnjkdnjkdnjk', 14, '2018-03-28 02:45:41', NULL, NULL),
(60, 8, 'jnknjkdvnjkdnvkdnvjksdnjksdnjk', 14, '2018-03-28 02:45:41', NULL, NULL),
(61, 9, 'jnkdfnkndjknvjkfnjksdnvkfnvjk', 14, '2018-03-28 02:45:42', NULL, NULL),
(62, 10, 'kednfjkvsdnkvndfjkfvnsdjkvnjk', 14, '2018-03-28 02:45:42', NULL, NULL),
(63, 11, 'kjnfjkndfjketovklsdvnklwnvjklwew', 14, '2018-03-28 02:45:42', NULL, NULL),
(64, 12, 'kfnjksdfnvkjdfnjkdfvjksdfnjkq', 14, '2018-03-28 02:45:42', NULL, NULL),
(65, 13, 'jkdvnksdjvnjksdnkjsdnjk', 14, '2018-03-28 02:45:43', NULL, NULL),
(66, 14, 'kjndjknsdjkvnsjkdvnsjkdnjkanjk', 14, '2018-03-28 02:45:43', NULL, NULL),
(67, 15, 'kjnjkvnskjjvnsjkdvnsdjkvnjk', 14, '2018-03-28 02:45:43', NULL, NULL),
(68, 16, 'jnkdnvjksdnvjksvjksnkn', 14, '2018-03-28 02:45:43', NULL, NULL),
(69, 17, 'kndjknsjkdvnsjkdvnksjnvks', 14, '2018-03-28 02:45:44', NULL, NULL),
(70, 18, 'jkdjnvksdnjknjksnjksdnvjk', 14, '2018-03-28 02:45:44', NULL, NULL),
(71, 19, 'jkndjkvsndjkvnjkqnvsdjkvnwjkvnsjk', 14, '2018-03-28 02:45:44', NULL, NULL),
(72, 20, 'jnsdkvndkvnsjdkvnsjkd', 14, '2018-03-28 02:45:45', NULL, NULL),
(73, 1, 'skdlnslnJNKSKNk', 15, '2018-03-28 02:46:01', NULL, NULL),
(74, 2, 'jnknjkdn', 15, '2018-03-28 02:46:01', NULL, NULL),
(75, 3, 'nkldnvjkldfnjk', 15, '2018-03-28 02:46:02', NULL, NULL),
(76, 4, 'jnvjkdfnkjdfnjkdnfjk', 15, '2018-03-28 02:46:02', NULL, NULL),
(77, 5, 'nklfvnjkdnjkdfn;jd;kdjn;', 15, '2018-03-28 02:46:02', NULL, NULL),
(78, 6, 'jnjkfvnjkdnvkdn;jkvj;kadnj', 15, '2018-03-28 02:46:02', NULL, NULL),
(79, 7, 'ndvklnkvjndjkvnkdfnjkdfnjkdnjkdnjk', 15, '2018-03-28 02:46:03', NULL, NULL),
(80, 8, 'jnknjkdvnjkdnvkdnvjksdnjksdnjk', 15, '2018-03-28 02:46:03', NULL, NULL),
(81, 9, 'jnkdfnkndjknvjkfnjksdnvkfnvjk', 15, '2018-03-28 02:46:03', NULL, NULL),
(82, 10, 'kednfjkvsdnkvndfjkfvnsdjkvnjk', 15, '2018-03-28 02:46:03', NULL, NULL),
(83, 11, 'kjnfjkndfjketovklsdvnklwnvjklwew', 15, '2018-03-28 02:46:04', NULL, NULL),
(84, 12, 'kfnjksdfnvkjdfnjkdfvjksdfnjkq', 15, '2018-03-28 02:46:04', NULL, NULL),
(85, 13, 'jkdvnksdjvnjksdnkjsdnjk', 15, '2018-03-28 02:46:04', NULL, NULL),
(86, 14, 'kjndjknsdjkvnsjkdvnsjkdnjkanjk', 15, '2018-03-28 02:46:05', NULL, NULL),
(87, 15, 'kjnjkvnskjjvnsjkdvnsdjkvnjk', 15, '2018-03-28 02:46:05', NULL, NULL),
(88, 16, 'jnkdnvjksdnvjksvjksnkn', 15, '2018-03-28 02:46:05', NULL, NULL),
(89, 17, 'kndjknsjkdvnsjkdvnksjnvks', 15, '2018-03-28 02:46:05', NULL, NULL),
(90, 18, 'jkdjnvksdnjknjksnjksdnvjk', 15, '2018-03-28 02:46:06', NULL, NULL),
(91, 19, 'jkndjkvsndjkvnjkqnvsdjkvnwjkvnsjk', 15, '2018-03-28 02:46:06', NULL, NULL),
(92, 20, 'jnsdkvndkvnsjdkvnsjkd', 15, '2018-03-28 02:46:06', NULL, NULL),
(93, 1, 'skdlnslnJNKSKNk', 16, '2018-03-28 02:47:19', NULL, NULL),
(94, 2, 'jnknjkdn', 16, '2018-03-28 02:47:19', NULL, NULL),
(95, 3, 'nkldnvjkldfnjk', 16, '2018-03-28 02:47:20', NULL, NULL),
(96, 4, 'jnvjkdfnkjdfnjkdnfjk', 16, '2018-03-28 02:47:20', NULL, NULL),
(97, 5, 'nklfvnjkdnjkdfn;jd;kdjn;', 16, '2018-03-28 02:47:20', NULL, NULL),
(98, 6, 'jnjkfvnjkdnvkdn;jkvj;kadnj', 16, '2018-03-28 02:47:21', NULL, NULL),
(99, 7, 'ndvklnkvjndjkvnkdfnjkdfnjkdnjkdnjk', 16, '2018-03-28 02:47:21', NULL, NULL),
(100, 8, 'jnknjkdvnjkdnvkdnvjksdnjksdnjk', 16, '2018-03-28 02:47:21', NULL, NULL),
(101, 9, 'jnkdfnkndjknvjkfnjksdnvkfnvjk', 16, '2018-03-28 02:47:21', NULL, NULL),
(102, 10, 'kednfjkvsdnkvndfjkfvnsdjkvnjk', 16, '2018-03-28 02:47:22', NULL, NULL),
(103, 11, 'kjnfjkndfjketovklsdvnklwnvjklwew', 16, '2018-03-28 02:47:22', NULL, NULL),
(104, 12, 'kfnjksdfnvkjdfnjkdfvjksdfnjkq', 16, '2018-03-28 02:47:22', NULL, NULL),
(105, 13, 'jkdvnksdjvnjksdnkjsdnjk', 16, '2018-03-28 02:47:23', NULL, NULL),
(106, 14, 'kjndjknsdjkvnsjkdvnsjkdnjkanjk', 16, '2018-03-28 02:47:23', NULL, NULL),
(107, 15, 'kjnjkvnskjjvnsjkdvnsdjkvnjk', 16, '2018-03-28 02:47:23', NULL, NULL),
(108, 16, 'jnkdnvjksdnvjksvjksnkn', 16, '2018-03-28 02:47:23', NULL, NULL),
(109, 17, 'kndjknsjkdvnsjkdvnksjnvks', 16, '2018-03-28 02:47:24', NULL, NULL),
(110, 18, 'jkdjnvksdnjknjksnjksdnvjk', 16, '2018-03-28 02:47:24', NULL, NULL),
(111, 19, 'jkndjkvsndjkvnjkqnvsdjkvnwjkvnsjk', 16, '2018-03-28 02:47:24', NULL, NULL),
(112, 20, 'jnsdkvndkvnsjdkvnsjkd', 16, '2018-03-28 02:47:24', NULL, NULL),
(113, 1, 'bvicam', 17, '2018-03-28 03:10:44', NULL, NULL),
(114, 3, 'm.n.hoda , mall road,jamshedpur', 17, '2018-03-28 03:10:44', NULL, NULL),
(115, 4, 'nitish pathak', 17, '2018-03-28 03:10:44', NULL, NULL),
(116, 5, '234', 17, '2018-03-28 03:10:44', NULL, NULL),
(117, 6, '240', 17, '2018-03-28 03:10:44', NULL, NULL),
(118, 7, '25', 17, '2018-03-28 03:10:44', NULL, NULL),
(119, 8, 'yes', 17, '2018-03-28 03:10:44', NULL, NULL),
(120, 9, '4', 17, '2018-03-28 03:10:44', NULL, NULL),
(121, 10, '230', 17, '2018-03-28 03:10:44', NULL, NULL),
(122, 11, 'yes', 17, '2018-03-28 03:10:44', NULL, NULL),
(123, 12, 'no', 17, '2018-03-28 03:10:44', NULL, NULL),
(124, 13, 'no', 17, '2018-03-28 03:10:44', NULL, NULL),
(125, 14, 'yes,12', 17, '2018-03-28 03:10:44', NULL, NULL),
(126, 15, 'yes', 17, '2018-03-28 03:10:44', NULL, NULL),
(127, 16, '4', 17, '2018-03-28 03:10:44', NULL, NULL),
(128, 17, '1', 17, '2018-03-28 03:10:44', NULL, NULL),
(129, 18, 'yes', 17, '2018-03-28 03:10:44', NULL, NULL),
(130, 19, 'yes', 17, '2018-03-28 03:10:44', NULL, NULL),
(131, 20, 'yes', 17, '2018-03-28 03:10:44', NULL, NULL),
(132, 1, 'bvicam', 18, '2018-03-28 03:19:23', NULL, NULL),
(133, 2, 'west', 18, '2018-03-28 03:19:23', NULL, NULL),
(134, 3, 'user1', 18, '2018-03-28 03:19:23', NULL, NULL),
(135, 4, 'user2', 18, '2018-03-28 03:19:23', NULL, NULL),
(136, 5, '234', 18, '2018-03-28 03:19:23', NULL, NULL),
(137, 6, '243', 18, '2018-03-28 03:19:23', NULL, NULL),
(138, 7, '27', 18, '2018-03-28 03:19:23', NULL, NULL),
(139, 8, 'yes', 18, '2018-03-28 03:19:23', NULL, NULL),
(140, 9, '5', 18, '2018-03-28 03:19:23', NULL, NULL),
(141, 10, '223', 18, '2018-03-28 03:19:23', NULL, NULL),
(142, 11, 'none have been provided', 18, '2018-03-28 03:19:23', NULL, NULL),
(143, 12, 'yes', 18, '2018-03-28 03:19:23', NULL, NULL),
(144, 13, 'yes', 18, '2018-03-28 03:19:23', NULL, NULL),
(145, 14, 'yes', 18, '2018-03-28 03:19:23', NULL, NULL),
(146, 15, 'yes', 18, '2018-03-28 03:19:23', NULL, NULL),
(147, 16, '4', 18, '2018-03-28 03:19:23', NULL, NULL),
(148, 17, '1', 18, '2018-03-28 03:19:23', NULL, NULL),
(149, 18, 'yes', 18, '2018-03-28 03:19:23', NULL, NULL),
(150, 19, 'yes', 18, '2018-03-28 03:19:23', NULL, NULL),
(151, 20, 'yes', 18, '2018-03-28 03:19:23', NULL, NULL),
(152, 1, 'ldnklsdnkl', 19, '2018-03-30 03:20:16', NULL, NULL),
(153, 2, 'nkkldnlsdnkl', 19, '2018-03-30 03:20:16', NULL, NULL),
(154, 3, 'nkldnkldnvkln', 19, '2018-03-30 03:20:16', NULL, NULL),
(155, 4, 'nkldnvklwsndklvnkl', 19, '2018-03-30 03:20:16', NULL, NULL),
(156, 5, 'nkldvnkldnvkl1', 19, '2018-03-30 03:20:16', NULL, NULL),
(157, 6, 'lnlnlnsln', 19, '2018-03-30 03:20:16', NULL, NULL),
(158, 7, 'nldvnsldnvlkn', 19, '2018-03-30 03:20:16', NULL, NULL),
(159, 8, 'lndvkwkldvnl', 19, '2018-03-30 03:20:16', NULL, NULL),
(160, 9, 'lndlvnlwndvkl', 19, '2018-03-30 03:20:16', NULL, NULL),
(161, 10, 'nlvnlsknvkls', 19, '2018-03-30 03:20:16', NULL, NULL),
(162, 11, 'qnldnvldnkl', 19, '2018-03-30 03:20:16', NULL, NULL),
(163, 12, 'ndklvnldn', 19, '2018-03-30 03:20:16', NULL, NULL),
(164, 13, 'nldnslkdn', 19, '2018-03-30 03:20:16', NULL, NULL),
(165, 14, 'nldnwldnkl', 19, '2018-03-30 03:20:16', NULL, NULL),
(166, 15, 'nkldnklnvkldn', 19, '2018-03-30 03:20:16', NULL, NULL),
(167, 16, 'lndklnwkldn', 19, '2018-03-30 03:20:16', NULL, NULL),
(168, 17, 'lnkldnlwdnvkl', 19, '2018-03-30 03:20:16', NULL, NULL),
(169, 18, 'nklvnsdlnvkl', 19, '2018-03-30 03:20:16', NULL, NULL),
(170, 19, 'nkklvnlwdvnkl', 19, '2018-03-30 03:20:16', NULL, NULL),
(171, 20, 'dnklnlkd', 19, '2018-03-30 03:20:16', NULL, NULL),
(172, 1, 'kdjdkhdk', 20, '2018-03-30 05:30:30', NULL, NULL),
(173, 2, 'north', 20, '2018-03-30 05:30:30', NULL, NULL),
(174, 3, 'dkjjddjksd', 20, '2018-03-30 05:30:30', NULL, NULL),
(175, 4, 'jkljdklsjljsdk', 20, '2018-03-30 05:30:30', NULL, NULL),
(176, 5, 'lkjfljskldjq', 20, '2018-03-30 05:30:30', NULL, NULL),
(177, 6, 'ljrgljkl', 20, '2018-03-30 05:30:30', NULL, NULL),
(178, 7, 'lkjlgjlk', 20, '2018-03-30 05:30:30', NULL, NULL),
(179, 8, 'jklgjwkl', 20, '2018-03-30 05:30:30', NULL, NULL),
(180, 9, 'kljklwjd2', 20, '2018-03-30 05:30:30', NULL, NULL),
(181, 10, 'jk', 20, '2018-03-30 05:30:30', NULL, NULL),
(182, 11, 'jkljkl', 20, '2018-03-30 05:30:30', NULL, NULL),
(183, 12, '`ljfkljqljfkljkl', 20, '2018-03-30 05:30:30', NULL, NULL),
(184, 13, 'lkjrljkl', 20, '2018-03-30 05:30:30', NULL, NULL),
(185, 14, 'lkjkrljl', 20, '2018-03-30 05:30:30', NULL, NULL),
(186, 15, 'lkjelkjqljklj', 20, '2018-03-30 05:30:30', NULL, NULL),
(187, 16, 'jkqlkj', 20, '2018-03-30 05:30:30', NULL, NULL),
(188, 17, 'lkjkljl', 20, '2018-03-30 05:30:30', NULL, NULL),
(189, 18, 'lkjkljdkl', 20, '2018-03-30 05:30:30', NULL, NULL),
(190, 19, 'jkljkljdq', 20, '2018-03-30 05:30:30', NULL, NULL),
(191, 20, 'lkjdd', 20, '2018-03-30 05:30:30', NULL, NULL),
(192, 1, 'bhjhjbjh', 21, '2018-03-30 06:27:33', NULL, NULL),
(193, 2, 'bhjbhjbhj', 21, '2018-03-30 06:27:33', NULL, NULL),
(194, 3, 'jbhjbhjhbjhb', 21, '2018-03-30 06:27:33', NULL, NULL),
(195, 4, 'hjbjhbjbjhbjh', 21, '2018-03-30 06:27:33', NULL, NULL),
(196, 5, 'bhjbjbjhb', 21, '2018-03-30 06:27:33', NULL, NULL),
(197, 6, 'jhbjhbjhbjhb', 21, '2018-03-30 06:27:33', NULL, NULL),
(198, 7, 'jhbjbjbhj', 21, '2018-03-30 06:27:33', NULL, NULL),
(199, 8, 'bjhbjhbjbjh', 21, '2018-03-30 06:27:33', NULL, NULL),
(200, 9, 'bhjbjhbjhbjh', 21, '2018-03-30 06:27:33', NULL, NULL),
(201, 10, 'bhjbjhbjhbh', 21, '2018-03-30 06:27:33', NULL, NULL),
(202, 11, 'jbjbjb', 21, '2018-03-30 06:27:33', NULL, NULL),
(203, 12, 'hjbhjbjhbhjb', 21, '2018-03-30 06:27:33', NULL, NULL),
(204, 13, 'jhbjhbjh', 21, '2018-03-30 06:27:33', NULL, NULL),
(205, 14, 'bjbjh', 21, '2018-03-30 06:27:33', NULL, NULL),
(206, 15, 'bjhbjhbhj', 21, '2018-03-30 06:27:33', NULL, NULL),
(207, 16, 'bhjhbj', 21, '2018-03-30 06:27:33', NULL, NULL),
(208, 17, 'hbjhbhj', 21, '2018-03-30 06:27:33', NULL, NULL),
(209, 18, 'bhjjbhj', 21, '2018-03-30 06:27:33', NULL, NULL),
(210, 19, 'jhbhjb', 21, '2018-03-30 06:27:33', NULL, NULL),
(211, 20, 'vghvgh', 21, '2018-03-30 06:27:33', NULL, NULL),
(212, 1, 'bhjhjbjh', 22, '2018-03-30 06:27:33', NULL, NULL),
(213, 2, 'bhjbhjbhj', 22, '2018-03-30 06:27:33', NULL, NULL),
(214, 3, 'jbhjbhjhbjhb', 22, '2018-03-30 06:27:33', NULL, NULL),
(215, 4, 'hjbjhbjbjhbjh', 22, '2018-03-30 06:27:33', NULL, NULL),
(216, 5, 'bhjbjbjhb', 22, '2018-03-30 06:27:33', NULL, NULL),
(217, 6, 'jhbjhbjhbjhb', 22, '2018-03-30 06:27:33', NULL, NULL),
(218, 7, 'jhbjbjbhj', 22, '2018-03-30 06:27:33', NULL, NULL),
(219, 8, 'bjhbjhbjbjh', 22, '2018-03-30 06:27:33', NULL, NULL),
(220, 9, 'bhjbjhbjhbjh', 22, '2018-03-30 06:27:33', NULL, NULL),
(221, 10, 'bhjbjhbjhbh', 22, '2018-03-30 06:27:33', NULL, NULL),
(222, 11, 'jbjbjb', 22, '2018-03-30 06:27:33', NULL, NULL),
(223, 12, 'hjbhjbjhbhjb', 22, '2018-03-30 06:27:33', NULL, NULL),
(224, 13, 'jhbjhbjh', 22, '2018-03-30 06:27:33', NULL, NULL),
(225, 14, 'bjbjh', 22, '2018-03-30 06:27:33', NULL, NULL),
(226, 15, 'bjhbjhbhj', 22, '2018-03-30 06:27:33', NULL, NULL),
(227, 16, 'bhjhbj', 22, '2018-03-30 06:27:33', NULL, NULL),
(228, 17, 'hbjhbhj', 22, '2018-03-30 06:27:33', NULL, NULL),
(229, 18, 'bhjjbhj', 22, '2018-03-30 06:27:33', NULL, NULL),
(230, 19, 'jhbhjb', 22, '2018-03-30 06:27:33', NULL, NULL),
(231, 20, 'vghvgh', 22, '2018-03-30 06:27:33', NULL, NULL),
(232, 1, 'jkjhbhjbhjbhjbjbjh', 23, '2018-03-30 09:54:49', NULL, NULL),
(233, 2, 'bjbjkbjkj', 23, '2018-03-30 09:54:49', NULL, NULL),
(234, 3, 'jkbjkbjkbkjb', 23, '2018-03-30 09:54:49', NULL, NULL),
(235, 4, 'jkbjkbkbkb', 23, '2018-03-30 09:54:49', NULL, NULL),
(236, 5, 'kbkbjkbkb', 23, '2018-03-30 09:54:49', NULL, NULL),
(237, 6, 'jkbkbjkbjk', 23, '2018-03-30 09:54:49', NULL, NULL),
(238, 7, 'bjkbjkbkb', 23, '2018-03-30 09:54:49', NULL, NULL),
(239, 8, 'jkb', 23, '2018-03-30 09:54:49', NULL, NULL),
(240, 9, 'kbkbjkb', 23, '2018-03-30 09:54:49', NULL, NULL),
(241, 10, 'kbkbjk', 23, '2018-03-30 09:54:49', NULL, NULL),
(242, 11, 'bkbkbk', 23, '2018-03-30 09:54:49', NULL, NULL),
(243, 12, 'bkbjkb', 23, '2018-03-30 09:54:49', NULL, NULL),
(244, 13, 'kbkbk', 23, '2018-03-30 09:54:49', NULL, NULL),
(245, 14, 'bkbkb', 23, '2018-03-30 09:54:49', NULL, NULL),
(246, 15, 'kbkb', 23, '2018-03-30 09:54:49', NULL, NULL),
(247, 16, 'kbkbk', 23, '2018-03-30 09:54:49', NULL, NULL),
(248, 17, 'bkbkb', 23, '2018-03-30 09:54:49', NULL, NULL),
(249, 18, 'kbkbkbj', 23, '2018-03-30 09:54:49', NULL, NULL),
(250, 19, 'bkbkb', 23, '2018-03-30 09:54:49', NULL, NULL),
(251, 20, 'kbjkb', 23, '2018-03-30 09:54:49', NULL, NULL),
(252, 1, 'mklldml', 24, '2018-03-30 21:29:21', NULL, NULL),
(253, 2, 'lkmklmklmkl', 24, '2018-03-30 21:29:21', NULL, NULL),
(254, 3, 'klmklmklm', 24, '2018-03-30 21:29:21', NULL, NULL),
(255, 4, 'klmklmklm', 24, '2018-03-30 21:29:21', NULL, NULL),
(256, 5, 'klmklmklmkl', 24, '2018-03-30 21:29:21', NULL, NULL),
(257, 6, 'mklmklmklm', 24, '2018-03-30 21:29:21', NULL, NULL),
(258, 7, 'klmklmklm', 24, '2018-03-30 21:29:21', NULL, NULL),
(259, 8, 'klmklmklmkl', 24, '2018-03-30 21:29:21', NULL, NULL),
(260, 9, 'mklmklmkl', 24, '2018-03-30 21:29:21', NULL, NULL),
(261, 10, 'mklmklmklmkl', 24, '2018-03-30 21:29:21', NULL, NULL),
(262, 11, 'mklmklmklmkl', 24, '2018-03-30 21:29:21', NULL, NULL),
(263, 12, 'mklmklmklm', 24, '2018-03-30 21:29:21', NULL, NULL),
(264, 13, 'lmklmklmkl', 24, '2018-03-30 21:29:21', NULL, NULL),
(265, 14, 'mklmklmklmklmklm', 24, '2018-03-30 21:29:21', NULL, NULL),
(266, 15, 'lkmklmklmkl', 24, '2018-03-30 21:29:21', NULL, NULL),
(267, 16, 'mklmklml', 24, '2018-03-30 21:29:21', NULL, NULL),
(268, 17, 'mklmklmkl', 24, '2018-03-30 21:29:21', NULL, NULL),
(269, 18, 'mklmklmkl', 24, '2018-03-30 21:29:21', NULL, NULL),
(270, 19, 'mklmk', 24, '2018-03-30 21:29:21', NULL, NULL),
(271, 20, 'klfnk', 24, '2018-03-30 21:29:21', NULL, NULL),
(272, 1, 'vre', 25, '2018-03-30 22:30:36', NULL, NULL),
(273, 2, 'erv', 25, '2018-03-30 22:30:36', NULL, NULL),
(274, 3, 'vr', 25, '2018-03-30 22:30:36', NULL, NULL),
(275, 4, 'vrv', 25, '2018-03-30 22:30:36', NULL, NULL),
(276, 5, 'rvr3', 25, '2018-03-30 22:30:36', NULL, NULL),
(277, 6, '3rv', 25, '2018-03-30 22:30:36', NULL, NULL),
(278, 7, '3rb', 25, '2018-03-30 22:30:36', NULL, NULL),
(279, 8, 'grb', 25, '2018-03-30 22:30:36', NULL, NULL),
(280, 9, 'rgb', 25, '2018-03-30 22:30:36', NULL, NULL),
(281, 10, 'brgb', 25, '2018-03-30 22:30:36', NULL, NULL),
(282, 11, 'tb4', 25, '2018-03-30 22:30:36', NULL, NULL),
(283, 12, 'bt4', 25, '2018-03-30 22:30:36', NULL, NULL),
(284, 13, 'b4t', 25, '2018-03-30 22:30:36', NULL, NULL),
(285, 14, 't4b', 25, '2018-03-30 22:30:36', NULL, NULL),
(286, 15, 'b4', 25, '2018-03-30 22:30:36', NULL, NULL),
(287, 16, 'b4', 25, '2018-03-30 22:30:36', NULL, NULL),
(288, 17, 'bg', 25, '2018-03-30 22:30:36', NULL, NULL),
(289, 18, 'ghb', 25, '2018-03-30 22:30:36', NULL, NULL),
(290, 19, 'bgr', 25, '2018-03-30 22:30:36', NULL, NULL),
(291, 20, 'br', 25, '2018-03-30 22:30:36', NULL, NULL),
(292, 1, 'g', 26, '2018-03-30 22:31:45', NULL, NULL),
(293, 2, 'g', 26, '2018-03-30 22:31:45', NULL, NULL),
(294, 3, 'g', 26, '2018-03-30 22:31:45', NULL, NULL),
(295, 4, 'g', 26, '2018-03-30 22:31:45', NULL, NULL),
(296, 5, 'w', 26, '2018-03-30 22:31:45', NULL, NULL),
(297, 6, 'gb', 26, '2018-03-30 22:31:45', NULL, NULL),
(298, 7, 'ym', 26, '2018-03-30 22:31:45', NULL, NULL),
(299, 8, 'uj', 26, '2018-03-30 22:31:45', NULL, NULL),
(300, 9, 'ju', 26, '2018-03-30 22:31:45', NULL, NULL),
(301, 10, 'jumu', 26, '2018-03-30 22:31:45', NULL, NULL),
(302, 11, 'um', 26, '2018-03-30 22:31:45', NULL, NULL),
(303, 12, 'm6', 26, '2018-03-30 22:31:45', NULL, NULL),
(304, 13, '6m', 26, '2018-03-30 22:31:45', NULL, NULL),
(305, 14, '6mk', 26, '2018-03-30 22:31:45', NULL, NULL),
(306, 15, '6um', 26, '2018-03-30 22:31:45', NULL, NULL),
(307, 16, 'm6u', 26, '2018-03-30 22:31:45', NULL, NULL),
(308, 17, '6m', 26, '2018-03-30 22:31:45', NULL, NULL),
(309, 18, '6m', 26, '2018-03-30 22:31:45', NULL, NULL),
(310, 19, 'm6', 26, '2018-03-30 22:31:45', NULL, NULL),
(311, 20, 'mu6', 26, '2018-03-30 22:31:45', NULL, NULL);
COMMIT;

/*!40101 SET CHARACTER_SET_CLIENT=@OLD_CHARACTER_SET_CLIENT */;
/*!40101 SET CHARACTER_SET_RESULTS=@OLD_CHARACTER_SET_RESULTS */;
/*!40101 SET COLLATION_CONNECTION=@OLD_COLLATION_CONNECTION */;
